threshold,precision,recall
1.158572255183274e-10,0.001,1.0
2.3462220436612727e-10,0.002888170055452865,1.0
3.4603424508337084e-10,0.003603136169722126,1.0
7.007531639503118e-10,0.007593245049204228,1.0
3.335390225299282e-09,0.008589884551951622,1.0
3.927717584172585e-09,0.013356841374151841,1.0
6.75449115061416e-09,0.016141528925619833,1.0
7.954011931517307e-09,0.0184243496204584,1.0
1.1199587134447612e-08,0.018801233360908477,1.0
1.171628556660597e-08,0.023467567821271004,1.0
1.1731031644910264e-08,0.03631082062454612,1.0
2.073464793640214e-08,0.040466170281644544,1.0
2.268025822181963e-08,0.04256768261535842,1.0
2.3726623019265487e-08,0.04478681476173414,1.0
2.375648526824722e-08,0.04812319538017324,1.0
3.3450141556879337e-08,0.04869497467861317,1.0
4.198968757456342e-08,0.05553087516659263,1.0
6.77398034101407e-08,0.05596597268860533,1.0
1.130742549002207e-07,0.05690871841566128,1.0
1.2516396296132005e-07,0.06062075654704171,1.0
1.877454279910102e-07,0.06260956674179814,1.0
2.2898639037047468e-07,0.06375924509053812,1.0
2.5346922474147506e-07,0.06418485237483953,1.0
2.8161811555025854e-07,0.06453278265358803,1.0
3.003926509472082e-07,0.06666666666666667,1.0
3.224225488141761e-07,0.06725854183481302,1.0
3.4660688892090766e-07,0.07070135746606335,1.0
3.738308636440064e-07,0.07118451025056947,1.0
3.754907854853421e-07,0.07194244604316546,1.0
3.796811039212911e-07,0.07309941520467836,1.0
3.8020276685785046e-07,0.07431629013079667,1.0
3.971978706678842e-07,0.07460459564309162,1.0
4.0021481113634874e-07,0.07649938800489596,1.0
4.505889087440139e-07,0.07926442612555486,1.0
4.749618702027015e-07,0.08028259473346179,1.0
4.822812914760426e-07,0.08218277449046679,1.0
5.006543179834285e-07,0.08744316194473592,1.0
5.6074468324806e-07,0.08781173164734808,1.0
5.632360724830356e-07,0.08855827134254339,1.0
5.703040418711883e-07,0.09064539521392313,1.0
6.436983167585961e-07,0.09100837277029487,1.0
6.529369558789564e-07,0.09245562130177515,1.0
6.89787368476413e-07,0.09366804046459348,1.0
7.019125745406369e-07,0.11353315168029064,1.0
7.029323004193549e-07,0.11373976342129208,1.0
7.509812889841303e-07,0.11399908800729594,1.0
7.570437432368245e-07,0.1168770453482936,1.0
7.604052446075231e-07,0.11726078799249531,1.0
7.688910423908078e-07,0.11753643629525153,1.0
8.043641787151829e-07,0.11775788977861516,1.0
8.104737730150844e-07,0.1182033096926714,1.0
8.411167890462062e-07,0.11893434823977164,1.0
8.97191191339782e-07,0.12065637065637065,1.0
9.011774114274814e-07,0.1211827435773146,1.0
9.618437368495142e-07,0.124750499001996,1.0
9.766662657097378e-07,0.12512512512512514,1.0
1.0352204625011824e-06,0.12683916793505834,1.0
1.1214887376272733e-06,0.127420998980632,1.0
1.1264715104966818e-06,0.1282051282051282,1.0
1.1325786103178636e-06,0.13089005235602094,1.0
1.1340040684150891e-06,0.1350621285791464,1.0
1.1355621323783557e-06,0.13631406761177753,1.0
1.1406074332493473e-06,0.13646288209606988,1.0
1.1953326116753744e-06,0.1366867140513942,1.0
1.303551139879237e-06,0.13804527885146328,1.0
1.3457861832959184e-06,0.13912075681691707,1.0
1.3968858463037336e-06,0.13950892857142858,1.0
1.4185815033517247e-06,0.14392630972941853,1.0
1.495317757842356e-06,0.14467592592592593,1.0
1.501961450023315e-06,0.1447596988998263,1.0
1.5208093327836532e-06,0.14705882352941177,1.0
1.6822321631386968e-06,0.14723203769140164,1.0
1.7033422314420655e-06,0.14827995255041518,1.0
1.8249706442539063e-06,0.14836795252225518,1.0
1.9225505815618795e-06,0.14943215780035865,1.0
2.0043552498809155e-06,0.15033072760072158,1.0
2.0602057679216515e-06,0.15042117930204574,1.0
2.0964203838699175e-06,0.15933715742511154,1.0
2.2429749597833906e-06,0.15943877551020408,1.0
2.252940483120095e-06,0.16046213093709885,1.0
2.2711216857569272e-06,0.16233766233766234,1.0
2.281212264531029e-06,0.1625487646293888,1.0
2.293579709875511e-06,0.16286644951140064,1.0
2.4206623923068596e-06,0.16339869281045752,1.0
2.691568744315809e-06,0.16404199475065617,1.0
3.0367346454751777e-06,0.1656726308813784,1.0
3.0416140398522884e-06,0.16622340425531915,1.0
3.3644586664768134e-06,0.16644474034620507,1.0
3.4066786601444996e-06,0.1675603217158177,1.0
3.6033074853486466e-06,0.1676727028839705,1.0
4.172109212693173e-06,0.16857720836142953,1.0
4.431346585774691e-06,0.16960651289009498,1.0
4.4859398577160086e-06,0.17409470752089137,1.0
4.5422330555498595e-06,0.1753155680224404,1.0
5.4506747150128605e-06,0.17543859649122806,1.0
6.7288946938655594e-06,0.17580872011251758,1.0
6.813334109449085e-06,0.1763046544428773,1.0
7.297022855523265e-06,0.17642907551164433,1.0
8.107383530914505e-06,0.17667844522968199,1.0
8.647871092201625e-06,0.17755681818181818,1.0
8.973869147048608e-06,0.17857142857142858,1.0
1.0809815494779302e-05,0.17908309455587393,1.0
1.0930447193330159e-05,0.17972681524083392,1.0
1.152157512667068e-05,0.18050541516245489,1.0
1.2099098124123744e-05,0.18102824040550325,1.0
1.2657288877170639e-05,0.18155410312273057,1.0
1.2971750549289145e-05,0.1819505094614265,1.0
1.3235119037765245e-05,0.18248175182481752,1.0
1.356764804097866e-05,0.18355359765051396,1.0
1.3673400761343163e-05,0.18368846436443792,1.0
1.4413035392287966e-05,0.18409425625920472,1.0
1.6214635603559355e-05,0.18463810930576072,1.0
1.634973261811159e-05,0.18518518518518517,1.0
1.8148488609421623e-05,0.18587360594795538,1.0
1.8530969193651716e-05,0.18615040953090098,1.0
1.985776841684582e-05,0.18712574850299402,1.0
2.1619397287862812e-05,0.18882175226586104,1.0
2.2134975780953036e-05,0.18953752843062927,1.0
2.4501552258627153e-05,0.18968133535660092,1.0
2.563191439930296e-05,0.19011406844106463,1.0
2.5943164570319024e-05,0.1902587519025875,1.0
2.7222485890644886e-05,0.19142419601837674,1.0
2.847837284465011e-05,0.1918649270913277,1.0
3.2428745386829186e-05,0.1924557351809084,1.0
3.629631849552047e-05,0.19290123456790123,1.0
3.752631079575776e-05,0.19319938176197837,1.0
3.797080334396853e-05,0.19349845201238391,1.0
3.839452534966152e-05,0.19364833462432224,1.0
3.868614212566875e-05,0.1937984496124031,1.0
4.021310315848037e-05,0.2071251035625518,1.0
4.0470874009240114e-05,0.20781379883624274,1.0
4.052180845411311e-05,0.20833333333333334,1.0
4.3237859799256755e-05,0.2085070892410342,1.0
4.3555266015463074e-05,0.20885547201336674,1.0
4.6618604789535204e-05,0.20903010033444816,1.0
4.802915239030341e-05,0.20920502092050208,1.0
4.808959881654163e-05,0.20955574182732606,1.0
6.509104033316609e-05,0.20990764063811923,1.0
6.56691956505918e-05,0.21026072329688814,1.0
6.667537589915696e-05,0.21043771043771045,1.0
6.97512624631568e-05,0.211864406779661,1.0
7.259000224119999e-05,0.21331058020477817,1.0
7.593872323361096e-05,0.2134927412467976,1.0
7.774960604767724e-05,0.21367521367521367,1.0
7.834011185891448e-05,0.21385799828913601,1.0
8.710673807377761e-05,0.2158894645941278,1.0
9.112508389582805e-05,0.21607605877268798,1.0
9.4402719355886e-05,0.21626297577854672,1.0
0.00010839948466410059,0.21645021645021645,1.0
0.00010888105152391292,0.21663778162911612,1.0
0.00011518771821916259,0.2168256721595837,1.0
0.00011553617927877894,0.2170138888888889,1.0
0.00012755743307067872,0.22104332449160036,1.0
0.00013007656155047294,0.22123893805309736,1.0
0.00013180692324347821,0.22143489813994685,1.0
0.00013438309137541254,0.22163120567375885,1.0
0.00013501492427121512,0.22182786157941436,1.0
0.00014516946663049193,0.2222222222222222,1.0
0.00016259041463757184,0.22241992882562278,1.0
0.00018581330080556452,0.2226179875333927,1.0
0.00019911496604459872,0.22281639928698752,1.0
0.00021773839546237076,0.22341376228775692,1.0
0.00023394434697961744,0.22381378692927484,1.0
0.00034820141706787597,0.22401433691756273,1.0
0.00044792973725180405,0.2242152466367713,1.0
0.00046333844836395365,0.22461814914645103,1.0
0.0005207516346069297,0.22482014388489208,1.0
0.001043874488860946,0.22502250225022502,1.0
0.0011125315048855205,0.22522522522522523,1.0
0.0011709258298702927,0.22789425706472197,1.0
0.0011958807418752783,0.228310502283105,1.0
0.0013098456541342784,0.22851919561243145,1.0
0.001432436139803845,0.22893772893772893,1.0
0.0016380124406889208,0.2502502502502503,1.0
0.001915953979019652,0.2553626149131767,1.0
0.0020578373232266905,0.2556237218813906,1.0
0.002250418527296086,0.26624068157614483,1.0
0.002377125669952308,0.26680896478121663,1.0
0.002418810169240708,0.2670940170940171,1.0
0.0024223156632951592,0.26737967914438504,1.0
0.0027419023013381416,0.2676659528907923,1.0
0.002990420743140012,0.27262813522355506,1.0
0.0032884794237457954,0.28376844494892167,1.0
0.0033115747344930617,0.29797377830750893,1.0
0.0036525314403302064,0.3004807692307692,1.0
0.0038971152703934585,0.31133250311332505,1.0
0.0039020010279434683,0.3125,1.0
0.004107222650388609,0.31289111389236546,1.0
0.004266159010141089,0.31525851197982346,1.0
0.004691216190530464,0.31928480204342274,1.0
0.004876431497701114,0.3259452411994785,1.0
0.005468809660881533,0.3263707571801567,1.0
0.00553705702128286,0.34199726402188785,1.0
0.006037386809124787,0.343878954607978,1.0
0.006121178736282234,0.34674063800277394,1.0
0.006555401544398445,0.35014005602240894,1.0
0.0066979605775734875,0.37257824143070045,1.0
0.007369141576009058,0.373134328358209,1.0
0.008144952744527036,0.3748125937031484,1.0
0.008180844749921031,0.3770739064856712,1.0
0.008282654766060651,0.397456279809221,1.0
0.008878828663130589,0.39872408293460926,1.0
0.009758047526236435,0.4032258064516129,1.0
0.009826131305712027,0.4045307443365696,1.0
0.01083053226819521,0.4051863857374392,1.0
0.010878128905313372,0.41186161449752884,1.0
0.011013133693322777,0.43478260869565216,1.0
0.012167875730377954,0.43859649122807015,1.0
0.013186715020887179,0.44014084507042256,1.0
0.013882013033363737,0.4472271914132379,1.0
0.014158622678948104,0.44964028776978415,1.0
0.015076835674852084,0.45045045045045046,1.0
0.016158296924174635,0.5285412262156448,1.0
0.016228923198695146,0.5353319057815846,1.0
0.01635774837779394,0.5555555555555556,1.0
0.016429231876417375,0.5580357142857143,1.0
0.017759005090084167,0.5630630630630631,1.0
0.01781831935899434,0.5620767494356659,0.996
0.0193274964238062,0.564625850340136,0.996
0.021692053452997996,0.5777262180974478,0.996
0.021786331604003603,0.5804195804195804,0.996
0.02404319682957265,0.5831381733021077,0.996
0.024337568654601294,0.6,0.996
0.030067367617014777,0.6029055690072639,0.996
0.031802716118314305,0.6384615384615384,0.996
0.03218895788201055,0.6518324607329843,0.996
0.038379669147668695,0.6535433070866141,0.996
0.03965944331354383,0.6622340425531915,0.996
0.0401186236898493,0.6821917808219178,0.996
0.04372084003710638,0.6840659340659341,0.996
0.04510337557407853,0.7280701754385965,0.996
0.046375880898415635,0.7302052785923754,0.996
0.046957387938341165,0.7345132743362832,0.996
0.05603813177732317,0.7432835820895523,0.996
0.06045323986875391,0.7638036809815951,0.996
0.06533962389706112,0.7630769230769231,0.992
0.08474103869339683,0.7678018575851393,0.992
0.08526249213976861,0.7774294670846394,0.992
0.0907261154293257,0.779874213836478,0.992
0.1266876412357485,0.7823343848580442,0.992
0.14230744703835677,0.7898089171974523,0.992
0.15712787045954196,0.792332268370607,0.992
0.15878655530172742,0.7948717948717948,0.992
0.19189261600152624,0.797427652733119,0.992
0.20428216711433603,0.8078175895765473,0.992
0.23272820862105004,0.8104575163398693,0.992
0.24047502731079906,0.8131147540983606,0.992
0.24276014143432834,0.8266666666666667,0.992
0.25017866620113566,0.8322147651006712,0.992
0.2704581989483659,0.835016835016835,0.992
0.2707064488684434,0.8378378378378378,0.992
0.2945767758628794,0.8435374149659864,0.992
0.3058872624992384,0.8464163822525598,0.992
0.32199648428945465,0.8857142857142857,0.992
0.32472506125297146,0.8888888888888888,0.992
0.34165020466557233,0.8953068592057761,0.992
0.3492941055853508,0.9018181818181819,0.992
0.35736160974948195,0.9051094890510949,0.992
0.400228660054395,0.9084249084249084,0.992
0.45478166133467196,0.915129151291513,0.992
0.5265532886486122,0.9185185185185185,0.992
0.5414828929489328,0.9219330855018587,0.992
0.5833391753664032,0.9253731343283582,0.992
0.6075373656763521,0.9288389513108615,0.992
0.6252232529758974,0.9393939393939394,0.992
0.6255179343849433,0.9429657794676806,0.992
0.6680551226801547,0.9465648854961832,0.992
0.848000925780088,0.9501915708812261,0.992
0.856556549094605,0.9538461538461539,0.992
0.8951851878756912,0.9575289575289575,0.992
0.9040861245341588,0.9612403100775194,0.992
0.9372644600720024,0.9649805447470817,0.992
0.9429786153992422,0.96875,0.992
0.9553294601154568,0.9725490196078431,0.992
0.9727100534102401,0.9763779527559056,0.992
0.9751780521272764,0.9802371541501976,0.992
0.9804818172303386,0.9841269841269841,0.992
0.9835485442586895,0.9880478087649402,0.992
0.9866879959624191,0.988,0.988
0.9874399122697027,0.9879518072289156,0.984
0.9875868711911522,0.9879032258064516,0.98
0.9902907258377797,0.9919028340080972,0.98
0.9915497319422636,0.991869918699187,0.976
0.9922329566990845,0.9918367346938776,0.972
0.9925840019900267,0.9959016393442623,0.972
0.9958357551472542,1.0,0.972
0.9966026677560197,1.0,0.968
0.9976926362104366,1.0,0.964
0.9985560327440945,1.0,0.96
0.9987300634631472,1.0,0.952
0.9988764810343435,1.0,0.948
0.9991153013785027,1.0,0.944
0.99943888381361,1.0,0.94
0.9994401782974097,1.0,0.936
0.9996249389653266,1.0,0.932
0.999646463028765,1.0,0.928
0.9996508430037333,1.0,0.924
0.9996837639085759,1.0,0.92
0.9997226475654215,1.0,0.916
0.9997763265281794,1.0,0.912
0.9997861671763391,1.0,0.908
0.9998031898352574,1.0,0.904
0.999825391018893,1.0,0.9
0.9999543369013906,1.0,0.896
0.9999564564013177,1.0,0.892
0.9999775347751744,1.0,0.888
0.9999824984219351,1.0,0.884
0.9999918647213684,1.0,0.88
0.9999927076013564,1.0,0.876
0.9999932603265665,1.0,0.872
0.9999943835991634,1.0,0.868
0.9999945292459758,1.0,0.864
0.9999951082719722,1.0,0.86
0.9999959648904648,1.0,0.856
0.9999960943646473,1.0,0.852
0.9999964321101515,1.0,0.848
0.999996723750831,1.0,0.844
0.9999968287026769,1.0,0.84
0.9999970417015461,1.0,0.836
0.9999971754199061,1.0,0.832
0.9999974156417706,1.0,0.828
0.9999975541300039,1.0,0.824
0.9999976214039388,1.0,0.82
0.9999976929878927,1.0,0.816
0.9999978635700629,1.0,0.812
0.9999979187278276,1.0,0.808
0.999998078018392,1.0,0.804
0.9999980971222459,1.0,0.8
0.9999981268546551,1.0,0.796
0.999998127859378,1.0,0.792
0.9999981469582336,1.0,0.784
0.9999982160518933,1.0,0.78
0.9999982165477654,1.0,0.776
0.9999982520111906,1.0,0.772
0.9999983859522782,1.0,0.768
0.9999985022869416,1.0,0.764
0.9999985133761358,1.0,0.76
0.9999986404526202,1.0,0.756
0.9999986620383232,1.0,0.752
0.999998696074357,1.0,0.748
0.999998751235657,1.0,0.744
0.9999989296303722,1.0,0.74
0.9999989450226446,1.0,0.736
0.9999989576631614,1.0,0.732
0.9999990188277537,1.0,0.728
0.9999990288943514,1.0,0.724
0.999999108025151,1.0,0.712
0.9999991190796912,1.0,0.7
0.9999991929754878,1.0,0.696
0.9999992231153303,1.0,0.692
0.9999992309927143,1.0,0.688
0.9999992434618068,1.0,0.684
0.9999992864199935,1.0,0.68
0.9999994053499239,1.0,0.668
0.9999994209237103,1.0,0.656
0.9999994648148997,1.0,0.652
0.9999994873283448,1.0,0.644
0.999999493682057,1.0,0.636
0.9999995204645625,1.0,0.632
0.9999995242798825,1.0,0.624
0.9999995301756421,1.0,0.62
0.9999995421234585,1.0,0.616
0.9999995540123766,1.0,0.612
0.9999995813852596,1.0,0.608
0.9999995837448724,1.0,0.58
0.9999996115575143,1.0,0.576
0.9999996154962093,1.0,0.556
0.9999996163716132,1.0,0.548
0.9999996182676756,1.0,0.544
0.9999996432098694,1.0,0.54
0.9999996525541457,1.0,0.536
0.9999996947489258,1.0,0.532
0.9999997025878558,1.0,0.528
0.9999997026748736,1.0,0.524
0.9999997063597246,1.0,0.52
0.9999997357237443,1.0,0.516
0.9999997436641067,1.0,0.512
0.9999997459982719,1.0,0.508
0.9999997621398847,1.0,0.504
0.9999997797697773,1.0,0.484
0.9999997932866039,1.0,0.476
0.9999998077480676,1.0,0.472
0.9999998101307113,1.0,0.464
0.9999998216049029,1.0,0.46
0.9999998531798407,1.0,0.456
0.9999998683165077,1.0,0.452
0.9999998709832331,1.0,0.448
0.9999998810699282,1.0,0.444
0.9999998825438692,1.0,0.432
0.9999998867001146,1.0,0.428
0.9999999119078993,1.0,0.424
0.9999999150250836,1.0,0.416
0.9999999367102291,1.0,0.412
0.9999999464647676,1.0,0.396
0.9999999596822567,1.0,0.392
0.9999999677458051,1.0,0.388
0.99999998942186,1.0,0.384
0.9999999924001558,1.0,0.38
0.9999999954944959,1.0,0.376
0.9999999955213332,1.0,0.372
0.9999999957067409,1.0,0.368
0.9999999974407618,1.0,0.364
0.9999999976493021,1.0,0.36
0.9999999976629338,1.0,0.356
0.9999999980410852,1.0,0.352
0.9999999980805714,1.0,0.348
0.9999999983742148,1.0,0.344
0.999999998435972,1.0,0.34
0.9999999985066925,1.0,0.336
0.9999999985308139,1.0,0.332
0.9999999986000242,1.0,0.328
0.9999999986209865,1.0,0.324
0.9999999986287597,1.0,0.312
0.9999999987203809,1.0,0.308
0.9999999987930281,1.0,0.304
0.9999999989838843,1.0,0.3
0.9999999991600145,1.0,0.296
0.999999999216434,1.0,0.292
0.9999999992533463,1.0,0.284
0.999999999288719,1.0,0.276
0.999999999300012,1.0,0.272
0.9999999993666779,1.0,0.268
0.9999999993777885,1.0,0.264
0.9999999993903306,1.0,0.26
0.9999999994400097,1.0,0.256
0.9999999994919422,1.0,0.252
0.9999999995022308,1.0,0.248
0.9999999995333414,1.0,0.24
0.9999999995641479,1.0,0.236
0.9999999995800073,1.0,0.232
0.9999999995935537,1.0,0.228
0.9999999996082171,1.0,0.22
0.9999999996266731,1.0,0.216
0.9999999996888943,1.0,0.208
0.9999999996951653,1.0,0.204
0.9999999997200049,1.0,0.196
0.9999999997317833,1.0,0.192
0.9999999997511154,1.0,0.184
0.9999999997653104,1.0,0.176
0.9999999997666706,1.0,0.172
0.9999999997809915,1.0,0.168
0.999999999782226,1.0,0.136
0.9999999997967769,1.0,0.132
0.9999999997988375,1.0,0.104
0.9999999998133365,1.0,0.096
0.9999999998323645,1.0,0.08
0.9999999998444471,1.0,0.064
0.9999999998658916,1.0,0.052
0.9999999998755577,1.0,0.04
0.9999999998994188,1.0,0.032
0.9999999999329459,1.0,0.008
